bowler,runs_conceded,balls,wickets,overs,economy,death_overs_economy,middle_overs_economy,powerplay_economy,death_overs_balls_bowled,middle_overs_balls_bowled,powerplay_balls_bowled,total_balls_bowled
A Ashish Reddy,388,262,18,43.666666666666664,8.885496183206108,9.742574257425744,7.896774193548388,20.0,101,155,6,262
A Badoni,50,35,4,5.833333333333333,8.571428571428571,7.125,10.333333333333334,0.0,16,18,1,35
A Chandila,245,234,11,39.0,6.282051282051282,6.0,7.142857142857143,5.791666666666667,6,84,144,234
A Choudhary,137,101,5,16.833333333333332,8.138613861386139,9.25,8.048780487804878,7.5,24,41,36,101
A Dananjaya,46,24,0,4.0,11.5,,11.333333333333334,12.0,0,18,6,24
A Flintoff,106,66,2,11.0,9.636363636363637,14.75,5.2,10.5,24,30,12,66
A Kamboj,275,189,10,31.5,8.73015873015873,6.0,9.8,8.576923076923077,3,30,156,189
A Kumble,1050,965,45,160.83333333333334,6.528497409326424,7.437125748502995,6.591304347826087,4.722222222222222,167,690,108,965
A Mishra,4091,3371,173,561.8333333333334,7.281518837140314,9.213051823416507,6.918141592920354,7.130434782608695,521,2712,138,3371
A Mithun,440,288,7,48.0,9.166666666666666,11.384615384615385,8.25,8.545454545454545,78,144,66,288
A Nehra,2447,1908,106,318.0,7.69496855345912,8.675521821631879,7.229166666666667,7.3449222323879235,527,288,1093,1908
A Nel,31,18,1,3.0,10.333333333333334,8.0,11.0,12.0,6,6,6,18
A Nortje,1623,1096,61,182.66666666666666,8.885036496350365,9.884792626728112,8.256880733944953,8.216216216216216,434,218,444,1096
A Singh,621,473,28,78.83333333333333,7.877378435517971,10.099378881987578,7.375,6.613636363636363,161,48,264,473
A Symonds,676,527,20,87.83333333333333,7.696394686907022,10.481927710843372,7.745454545454545,5.526315789473684,83,330,114,527
A Uniyal,65,36,2,6.0,10.833333333333334,8.666666666666666,18.0,10.5,18,6,12,36
A Zampa,643,467,31,77.83333333333333,8.261241970021414,11.123595505617978,7.767857142857143,6.142857142857143,89,336,42,467
AA Chavan,331,248,8,41.333333333333336,8.008064516129032,13.714285714285714,9.333333333333334,6.625,14,90,144,248
AA Jhunjhunwala,127,85,1,14.166666666666666,8.964705882352941,12.0,8.88888888888889,9.0,1,54,30,85
AA Kazi,20,12,0,2.0,10.0,,10.0,,0,12,0,12
AA Noffke,36,24,1,4.0,9.0,5.5,7.0,18.0,12,6,6,24
AB Agarkar,1129,782,29,130.33333333333334,8.662404092071611,9.956043956043956,7.814285714285714,9.333333333333334,182,420,180,782
AB Dinda,1991,1516,69,252.66666666666666,7.879947229551451,10.762135922330096,6.244897959183674,7.007407407407407,412,294,810,1516
AB McDonald,261,186,11,31.0,8.419354838709678,10.2,7.7368421052631575,9.0,30,114,42,186
AC Gilchrist,0,1,1,0.16666666666666666,0.0,0.0,,,1,0,0,1
AC Thomas,402,315,14,52.5,7.6571428571428575,10.0,6.75,6.333333333333333,111,24,180,315
AC Voges,74,54,0,9.0,8.222222222222221,5.0,7.333333333333333,12.5,6,36,12,54
AD Mascarenhas,362,308,19,51.333333333333336,7.0519480519480515,9.461538461538462,6.052631578947368,7.357142857142857,26,114,168,308
AD Mathews,1070,791,27,131.83333333333334,8.11630847029077,8.70967741935484,7.8,8.666666666666666,155,510,126,791
AD Russell,2802,1806,123,301.0,9.308970099667775,10.587030716723548,9.011070110701107,8.063882063882064,586,813,407,1806
AF Milne,325,207,8,34.5,9.420289855072463,9.473684210526315,9.555555555555555,9.3125,57,54,96,207
AG Murtaza,313,264,9,44.0,7.113636363636363,12.25,7.888888888888889,3.923076923076923,24,162,78,264
AJ Finch,66,43,1,7.166666666666667,9.209302325581396,5.142857142857142,11.4,3.0,7,30,6,43
AJ Hosein,41,24,1,4.0,10.25,,10.0,10.333333333333334,0,6,18,24
AJ Tye,975,685,42,114.16666666666667,8.540145985401459,9.280276816608996,8.088235294117647,7.90625,289,204,192,685
AK Markram,271,187,6,31.166666666666668,8.695187165775401,6.0,8.875,8.142857142857142,1,144,42,187
AL Menaria,140,110,3,18.333333333333332,7.636363636363637,14.1,5.857142857142857,6.5,20,42,48,110
AM Nayar,312,229,9,38.166666666666664,8.17467248908297,9.0,8.101382488479263,10.0,6,217,6,229
AM Rahane,5,6,1,1.0,5.0,,5.0,,0,6,0,6
AM Salvi,195,150,7,25.0,7.8,9.0,8.0,7.090909090909091,30,54,66,150
AN Ahmed,468,344,12,57.333333333333336,8.162790697674419,9.58695652173913,7.578947368421052,7.695652173913044,92,114,138,344
AP Dole,107,66,5,11.0,9.727272727272727,10.5,7.25,11.4,12,24,30,66
AR Patel,4078,3321,128,553.5,7.367660343270099,8.805405405405406,7.044035912783241,7.735294117647059,370,2339,612,3321
AS Joseph,684,434,21,72.33333333333333,9.456221198156683,9.5625,9.212121212121213,9.777777777777779,128,198,108,434
AS Rajpoot,792,530,24,88.33333333333333,8.966037735849056,10.941176470588236,7.719745222929936,8.944649446494465,102,157,271,530
AS Raut,45,30,0,5.0,9.0,6.5,10.666666666666666,,12,18,0,30
AS Roy,211,160,6,26.666666666666668,7.9125,6.0,6.9375,10.0,10,96,54,160
AU Rashid,91,60,2,10.0,9.1,10.0,9.0,,6,54,0,60
AUK Pathan,57,39,0,6.5,8.76923076923077,11.2,7.25,,15,24,0,39
Abdul Samad,114,56,2,9.333333333333334,12.214285714285714,15.75,11.625,,8,48,0,56
Abdur Razzak,19,12,0,2.0,9.5,,9.5,,0,12,0,12
Abhishek Sharma,498,336,11,56.0,8.892857142857142,17.333333333333332,8.30952380952381,8.818181818181818,18,252,66,336
Akash Deep,519,278,10,46.333333333333336,11.201438848920862,15.0,10.947368421052632,10.05,44,114,120,278
Akash Madhwal,550,352,24,58.666666666666664,9.375,9.838235294117647,9.695652173913043,8.0,136,138,78,352
Akash Singh,323,205,9,34.166666666666664,9.453658536585367,13.5,9.375,9.144827586206896,12,48,145,205
Aman Hakim Khan,13,6,0,1.0,13.0,,13.0,,0,6,0,6
Anand Rajan,193,149,8,24.833333333333332,7.771812080536913,11.26829268292683,6.636363636363637,6.142857142857143,41,66,42,149
Ankit Sharma,439,367,12,61.166666666666664,7.177111716621254,11.04,7.363636363636363,6.25,25,198,144,367
Ankit Soni,142,109,2,18.166666666666668,7.816513761467889,24.0,7.9411764705882355,3.0,1,102,6,109
Anureet Singh,606,412,18,68.66666666666667,8.825242718446601,10.846153846153845,8.8,7.222222222222222,130,120,162,412
Arjun Tendulkar,103,73,3,12.166666666666666,8.465753424657535,15.818181818181818,17.25,5.666666666666667,11,8,54,73
Arshad Khan,469,260,12,43.333333333333336,10.823076923076922,14.357142857142856,10.0,9.838709677419354,56,18,186,260
Arshad Khan (2),23,12,0,2.0,11.5,,11.5,,0,12,0,12
Arshdeep Singh,2499,1714,97,285.6666666666667,8.747957992998833,9.351170568561873,8.3125,8.46376811594203,598,288,828,1714
Ashwani Kumar,225,123,11,20.5,10.975609756097562,13.846153846153847,8.333333333333334,12.0,39,54,30,123
Atharva Taide,4,1,0,0.16666666666666666,24.0,24.0,,,1,0,0,1
Avesh Khan,2408,1619,89,269.8333333333333,8.92402717726992,9.46078431372549,7.746478873239437,9.222030981067126,612,426,581,1619
Azhar Mahmood,680,537,29,89.5,7.597765363128492,9.391304347826088,6.483870967741935,6.458333333333333,207,186,144,537
Azmatullah Omarzai,462,288,12,48.0,9.625,12.0,8.153846153846153,9.62962962962963,48,78,162,288
B Akhil,239,188,6,31.333333333333332,7.627659574468085,10.92,6.181818181818182,12.0,50,132,6,188
B Chipli,20,6,0,1.0,20.0,,20.0,,0,6,0,6
B Geeves,90,48,1,8.0,11.25,10.0,10.333333333333334,12.25,6,18,24,48
B Kumar,5336,4222,198,703.6666666666666,7.5831359545239225,9.186858316221766,8.374407582938389,6.438648995297136,1461,422,2339,4222
B Laughlin,272,168,10,28.0,9.714285714285714,11.23943661971831,7.868852459016394,9.833333333333334,71,61,36,168
B Lee,1060,875,25,145.83333333333334,7.268571428571428,8.392282958199356,5.615384615384615,6.814814814814815,311,78,486,875
B Stanlake,194,144,7,24.0,8.083333333333334,11.0,8.555555555555555,7.571428571428571,6,54,84,144
BA Bhatt,399,296,12,49.333333333333336,8.087837837837837,8.952380952380953,8.321167883211679,7.1875,63,137,96,296
BA Stokes,984,689,28,114.83333333333333,8.568940493468796,9.676470588235293,7.444816053511706,9.161290322580646,204,299,186,689
BAW Mendis,298,244,8,40.666666666666664,7.327868852459017,8.666666666666666,7.0,6.8275862068965525,54,132,58,244
BB Sran,724,483,19,80.5,8.993788819875776,8.827586206896552,9.25,8.868421052631579,87,168,228,483
BCJ Cutting,423,281,10,46.833333333333336,9.03202846975089,11.447368421052632,7.803680981595091,9.428571428571429,76,163,42,281
BE Hendricks,227,150,9,25.0,9.08,8.666666666666666,8.166666666666666,10.0,54,36,60,150
BJ Hodge,301,234,17,39.0,7.717948717948718,7.666666666666667,7.466666666666667,9.0,18,180,36,234
BJ Rohrer,11,6,0,1.0,11.0,,11.0,,0,6,0,6
BMAJ Mendis,36,30,1,5.0,7.2,,7.2,,0,30,0,30
BW Hilfenhaus,476,372,22,62.0,7.67741935483871,11.0,8.833333333333334,6.175,96,36,240,372
Basil Thampi,844,521,22,86.83333333333333,9.719769673704414,11.410404624277458,8.483870967741936,9.333333333333334,173,186,162,521
Bipul Sharma,566,426,16,71.0,7.971830985915493,14.823529411764705,7.660377358490566,6.162162162162162,34,318,74,426
C Bosch,53,42,1,7.0,7.571428571428571,3.5,8.75,11.0,12,24,6,42
C Ganapathy,13,6,0,1.0,13.0,,13.0,,0,6,0,6
C Green,645,439,17,73.16666666666667,8.815489749430524,11.752577319587628,7.926829268292683,8.125,97,246,96,439
C Munro,15,12,0,2.0,7.5,,7.5,,0,12,0,12
C Nanda,56,48,2,8.0,7.0,7.0,7.0,,6,42,0,48
C Sakariya,603,444,20,74.0,8.14864864864865,10.0,8.75,6.606060606060606,126,120,198,444
C de Grandhomme,299,216,6,36.0,8.305555555555555,12.857142857142856,8.147368421052631,5.5,14,190,12,216
CH Gayle,704,554,18,92.33333333333333,7.624548736462094,8.605263157894738,7.1063829787234045,7.6,152,282,120,554
CH Morris,2278,1726,96,287.6666666666667,7.918887601390498,8.60061919504644,7.590909090909091,7.464912280701754,646,396,684,1726
CJ Anderson,504,297,11,49.5,10.181818181818182,12.818181818181818,8.652173913043478,9.887323943661972,88,138,71,297
CJ Dala,33,18,0,3.0,11.0,,8.5,16.0,0,12,6,18
CJ Green,24,17,0,2.8333333333333335,8.470588235294118,9.6,,8.0,5,0,12,17
CJ Jordan,1056,674,30,112.33333333333333,9.400593471810089,11.093525179856115,7.536585365853658,9.32,278,246,150,674
CJ McKay,60,42,1,7.0,8.571428571428571,10.0,4.666666666666667,13.0,12,18,12,42
CK Kapugedera,49,17,0,2.8333333333333335,17.294117647058822,15.0,18.545454545454547,,6,11,0,17
CK Langeveldt,190,156,13,26.0,7.3076923076923075,7.75,8.75,6.642857142857143,48,24,84,156
CL White,81,42,1,7.0,11.571428571428571,,11.571428571428571,,0,42,0,42
CR Brathwaite,366,254,13,42.333333333333336,8.645669291338582,10.071428571428571,8.344827586206897,7.5,56,174,24,254
CR Woakes,650,440,30,73.33333333333333,8.863636363636365,10.556962025316457,6.5,8.962962962962964,158,120,162,440
CRD Fernando,284,234,17,39.0,7.282051282051282,8.857142857142858,6.166666666666667,6.615384615384615,84,72,78,234
CV Varun,2382,1890,99,315.0,7.561904761904762,8.427631578947368,7.369028006589786,7.483870967741935,304,1214,372,1890
D Brevis,8,3,1,0.5,16.0,16.0,,,3,0,0,3
D Jansen,49,24,1,4.0,12.25,10.5,13.0,15.0,12,6,6,24
D Kalyankrishna,86,48,2,8.0,10.75,17.0,9.857142857142858,,6,42,0,48
D Pretorius,226,150,6,25.0,9.04,11.666666666666666,6.615384615384615,,72,78,0,150
D Salunkhe,71,47,1,7.833333333333333,9.063829787234043,7.0,9.365853658536587,,6,41,0,47
D Wiese,434,296,16,49.333333333333336,8.797297297297296,10.161290322580644,9.11111111111111,6.916666666666667,62,162,72,296
D du Preez,53,42,4,7.0,7.571428571428571,13.0,9.333333333333334,4.0,6,18,18,42
DA Warner,1,1,0,0.16666666666666666,6.0,,6.0,,0,1,0,1
DAJ Bracewell,31,24,3,4.0,7.75,10.0,7.0,7.0,6,12,6,24
DB Ravi Teja,28,18,1,3.0,9.333333333333334,,9.333333333333334,,0,18,0,18
DE Bollinger,684,576,38,96.0,7.125,7.358974358974359,4.666666666666667,7.092592592592593,234,18,324,576
DG Nalkande,145,84,6,14.0,10.357142857142858,9.666666666666666,10.555555555555555,10.5,18,54,12,84
DJ Bravo,4236,3120,183,520.0,8.146153846153846,9.101805054151624,7.349701393497014,7.605263157894737,1385,1507,228,3120
DJ Harris,26,18,0,3.0,8.666666666666666,10.0,8.0,,6,12,0,18
DJ Hooda,536,379,9,63.166666666666664,8.485488126649077,13.25581395348837,7.886363636363637,7.833333333333333,43,264,72,379
DJ Hussey,478,317,8,52.833333333333336,9.04731861198738,12.792452830188678,8.105263157894736,9.5,53,228,36,317
DJ Mitchell,94,48,1,8.0,11.75,,11.75,,0,48,0,48
DJ Muthuswami,108,84,4,14.0,7.714285714285714,1.0,8.0,8.25,6,6,72,84
DJ Thornely,38,42,3,7.0,5.428571428571429,,5.428571428571429,,0,42,0,42
DJ Willey,272,216,6,36.0,7.555555555555555,10.0,8.285714285714286,6.695652173913044,36,42,138,216
DJG Sammy,343,236,11,39.333333333333336,8.720338983050848,12.719999999999999,7.555555555555555,8.25,50,162,24,236
DJM Short,23,18,1,3.0,7.666666666666667,,7.666666666666667,,0,18,0,18
DL Chahar,2514,1915,88,319.1666666666667,7.876762402088772,9.313953488372093,7.5,7.772455089820359,172,240,1503,1915
DL Vettori,886,777,28,129.5,6.841698841698841,8.072727272727272,6.517241379310345,6.466666666666667,165,522,90,777
DNT Zoysa,94,66,2,11.0,8.545454545454545,9.666666666666666,10.5,7.333333333333333,18,12,36,66
DP Nannes,762,646,28,107.66666666666667,7.077399380804954,8.711538461538462,7.3125,6.017543859649122,208,96,342,646
DP Vijaykumar,196,152,4,25.333333333333332,7.736842105263158,11.076923076923078,6.0,7.294117647058823,26,24,102,152
DR Sams,492,360,14,60.0,8.2,13.181818181818182,7.631578947368421,6.733333333333333,66,114,180,360
DR Smith,796,539,26,89.83333333333333,8.860853432282005,12.591549295774648,7.850746268656716,11.0,71,402,66,539
DS Kulkarni,2393,1787,86,297.8333333333333,8.034695019585898,9.575581395348836,8.301176470588237,7.402750491159136,344,425,1018,1787
DS Rathi,421,312,14,52.0,8.096153846153847,9.5,7.666666666666667,7.933333333333334,60,162,90,312
DT Christian,1174,883,38,147.16666666666666,7.977349943374859,10.464454976303319,6.890243902439025,8.033333333333333,211,492,180,883
DW Steyn,2453,2182,97,363.6666666666667,6.745187901008249,8.1198738170347,6.485294117647059,6.073684210526316,634,408,1140,2182
E Malinga,239,160,13,26.666666666666668,8.9625,9.10344827586207,7.384615384615385,13.75,58,78,24,160
F du Plessis,16,6,0,1.0,16.0,16.0,,,6,0,0,6
FA Allen,135,90,2,15.0,9.0,,8.666666666666666,10.333333333333334,0,72,18,90
FH Edwards,146,140,5,23.333333333333332,6.257142857142857,9.0,7.0,4.384615384615385,50,12,78,140
FY Fazal,20,12,0,2.0,10.0,10.0,,,12,0,0,12
Fazalhaq Farooqi,428,254,6,42.333333333333336,10.11023622047244,14.639999999999999,9.583333333333334,8.681818181818182,50,72,132,254
G Coetzee,463,273,15,45.5,10.175824175824175,10.424242424242424,10.11111111111111,9.909090909090908,99,108,66,273
GB Hogg,563,458,23,76.33333333333333,7.3755458515283845,7.565217391304348,7.433962264150943,6.625,92,318,48,458
GC Viljoen,217,138,7,23.0,9.434782608695652,12.714285714285714,7.4,9.0,42,60,36,138
GD McGrath,360,324,12,54.0,6.666666666666667,9.076923076923077,7.0,5.783783783783784,78,24,222,324
GD Phillips,39,30,2,5.0,7.8,,8.75,4.0,0,24,6,30
GH Vihari,47,42,1,7.0,6.714285714285714,,4.333333333333333,8.5,0,18,24,42
GHS Garton,128,90,3,15.0,8.533333333333333,5.666666666666667,5.0,10.1,18,12,60,90
GJ Maxwell,1390,1022,41,170.33333333333334,8.160469667318981,9.0,7.965811965811966,8.488372093023257,62,702,258,1022
GR Napier,28,24,1,4.0,7.0,,8.333333333333334,3.0,0,18,6,24
GS Sandhu,86,48,1,8.0,10.75,12.5,9.666666666666666,7.0,24,18,6,48
Gagandeep Singh,142,84,3,14.0,10.142857142857142,16.0,7.888888888888889,7.0,24,54,6,84
Gulbadin Naib,12,6,0,1.0,12.0,,12.0,,0,6,0,6
Gurkeerat Singh,93,78,5,13.0,7.153846153846154,,6.7272727272727275,9.5,0,66,12,78
Gurnoor Brar,38,18,0,3.0,12.666666666666666,,21.0,8.5,0,6,12,18
H Sharma,62,30,0,5.0,12.4,,12.4,,0,30,0,30
HF Gurney,231,162,7,27.0,8.555555555555555,12.0,8.714285714285714,5.636363636363637,54,42,66,162
HH Pandya,2448,1628,78,271.3333333333333,9.022113022113023,11.526315789473685,8.131914893617022,9.21875,304,940,384,1628
HR Shokeen,305,204,5,34.0,8.970588235294118,24.0,8.958333333333334,7.333333333333333,6,144,54,204
HV Patel,3430,2425,151,404.1666666666667,8.48659793814433,9.471428571428572,7.708576186511241,8.765625,840,1201,384,2425
Harbhajan Singh,3996,3416,146,569.3333333333334,7.018735362997657,8.10989010989011,6.888607594936709,7.032341526520051,273,2370,773,3416
Harmeet Singh,676,525,26,87.5,7.725714285714286,7.767441860465116,7.596153846153846,8.142857142857142,129,312,84,525
Harmeet Singh (2),33,24,1,4.0,8.25,,5.5,11.0,0,12,12,24
Harpreet Brar,1069,811,35,135.16666666666666,7.9087546239210855,10.581818181818182,7.194174757281553,10.043478260869565,55,618,138,811
Harsh Dubey,97,60,5,10.0,9.7,,9.125,12.0,0,48,12,60
Harshit Rana,1007,649,40,108.16666666666667,9.309707241910631,9.439490445859873,8.969696969696969,9.46938775510204,157,198,294,649
I Malhotra,23,6,0,1.0,23.0,,23.0,,0,6,0,6
I Sharma,3274,2419,96,403.1666666666667,8.12071103761885,10.454935622317596,8.61111111111111,7.266272189349112,466,432,1521,2419
I Udana,278,174,8,29.0,9.586206896551724,9.2,8.5,11.222222222222221,60,60,54,174
IC Pandey,598,462,18,77.0,7.766233766233766,10.833333333333334,8.518518518518519,6.886363636363637,36,162,264,462
IC Porel,40,24,1,4.0,10.0,,7.5,12.5,0,12,12,24
IK Pathan,2629,2043,80,340.5,7.720998531571219,9.300613496932515,7.7075471698113205,6.888888888888889,489,636,918,2043
IS Sodhi,203,181,9,30.166666666666668,6.729281767955801,6.857142857142857,6.592592592592593,8.5,7,162,12,181
Imran Tahir,1684,1316,82,219.33333333333334,7.677811550151976,8.97196261682243,7.147715196599362,9.222222222222221,321,941,54,1316
Iqbal Abdulla,1099,920,40,153.33333333333334,7.1673913043478255,8.521008403361344,7.348571428571429,6.239130434782608,119,525,276,920
Ishan Kishan,4,1,0,0.16666666666666666,24.0,24.0,,,1,0,0,1
J Botha,799,694,25,115.66666666666667,6.9077809798270895,7.698113207547169,6.242424242424242,7.84375,106,396,192,694
J Little,333,228,11,38.0,8.763157894736842,9.666666666666666,7.875,9.23076923076923,54,96,78,228
J Overton,79,36,0,6.0,13.166666666666666,,12.5,13.5,0,12,24,36
J Suchith,587,420,19,70.0,8.385714285714286,13.5,8.214285714285714,8.333333333333334,12,336,72,420
J Syed Mohammad,282,192,8,32.0,8.8125,11.0,9.038461538461538,4.666666666666667,18,156,18,192
J Theron,291,221,11,36.833333333333336,7.900452488687782,8.294117647058824,5.777777777777778,9.046153846153846,102,54,65,221
J Yadav,438,390,8,65.0,6.7384615384615385,7.0,6.171428571428572,7.444444444444445,18,210,162,390
JA Morkel,2297,1723,85,287.1666666666667,7.99883923389437,9.083076923076923,6.783132530120482,8.28,325,498,900,1723
JA Richardson,157,90,3,15.0,10.466666666666667,12.0,9.714285714285714,10.6,18,42,30,90
JC Archer,1580,1221,59,203.5,7.764127764127764,9.96078431372549,6.972222222222222,6.230769230769231,459,216,546,1221
JD Ryder,308,236,8,39.333333333333336,7.830508474576271,12.923076923076923,7.205882352941177,7.0,26,204,6,236
JD Unadkat,3323,2274,111,379.0,8.767810026385224,10.757009345794392,8.343065693430656,7.622222222222222,642,822,810,2274
JDP Oram,349,237,9,39.5,8.835443037974683,8.32,8.555555555555555,9.333333333333334,75,54,108,237
JDS Neesham,336,216,8,36.0,9.333333333333334,20.0,8.214285714285714,11.0,12,168,36,216
JE Root,15,12,0,2.0,7.5,,7.5,,0,12,0,12
JE Taylor,162,117,6,19.5,8.307692307692308,11.058823529411764,6.666666666666667,6.0,51,18,48,117
JEC Franklin,219,151,9,25.166666666666668,8.701986754966887,10.5,8.191304347826087,10.0,24,115,12,151
JH Kallis,2265,1742,65,290.3333333333333,7.801377726750862,9.916666666666666,7.3094688221709,7.151162790697675,360,866,516,1742
JJ Bumrah,3987,3359,186,559.8333333333334,7.121762429294432,8.074349442379182,6.468965517241379,6.498251748251748,1345,870,1144,3359
JJ van der Wath,130,72,3,12.0,10.833333333333334,12.25,14.333333333333334,7.6,24,18,30,72
JL Pattinson,312,213,11,35.5,8.788732394366198,9.076923076923077,9.083333333333334,8.470588235294118,39,72,102,213
JM Kemp,55,44,3,7.333333333333333,7.5,6.0,7.534883720930233,,1,43,0,44
JO Holder,1421,995,53,165.83333333333334,8.568844221105527,9.556291390728477,7.773913043478261,8.5,302,345,348,995
JP Behrendorff,546,366,19,61.0,8.950819672131148,11.9,8.636363636363637,8.3,60,66,240,366
JP Duminy,815,678,23,113.0,7.212389380530974,9.333333333333334,6.857142857142857,7.518518518518518,54,462,162,678
JP Faulkner,1791,1238,61,206.33333333333334,8.680129240710823,9.9186295503212,8.084999999999999,7.762803234501347,467,400,371,1238
JPR Scantlebury-Searles,86,42,2,7.0,12.285714285714286,19.0,11.0,12.0,6,30,6,42
JR Hazlewood,1192,867,57,144.5,8.249134948096886,10.088709677419354,7.849624060150376,7.419753086419753,248,133,486,867
JR Hopes,553,360,14,60.0,9.216666666666667,11.722222222222221,8.102564102564102,8.666666666666666,108,234,18,360
JW Hastings,63,58,3,9.666666666666666,6.517241379310345,5.3999999999999995,3.5,7.833333333333333,10,12,36,58
Jalaj S Saxena,27,18,0,3.0,9.0,,8.5,10.0,0,12,6,18
Jaskaran Singh,159,102,6,17.0,9.352941176470589,13.6,8.8,6.714285714285714,30,30,42,102
Joginder Sharma,384,256,12,42.666666666666664,9.0,11.76923076923077,8.2,9.0,52,180,24,256
K Goel,93,66,0,11.0,8.454545454545455,,8.454545454545455,,0,66,0,66
K Gowtham,814,588,20,98.0,8.306122448979592,12.75,7.653061224489796,8.622222222222222,24,294,270,588
K Kartikeya,402,282,12,47.0,8.553191489361701,11.75,8.071428571428571,16.0,24,252,6,282
K Khejroliya,239,139,6,23.166666666666668,10.316546762589928,12.0,8.692307692307692,12.8,31,78,30,139
K Rabada,2705,1913,122,318.8333333333333,8.484056455828542,9.513866231647635,7.4345114345114345,8.32967032967033,613,481,819,1913
K Santokie,88,48,3,8.0,11.0,13.5,5.0,9.666666666666666,24,6,18,48
K Upadhyay,79,54,0,9.0,8.777777777777779,,7.0,9.666666666666666,0,18,36,54
K Yadav,85,54,2,9.0,9.444444444444445,14.0,7.75,8.666666666666666,12,24,18,54
KA Jamieson,397,258,14,43.0,9.232558139534884,12.444444444444445,8.222222222222221,8.44,54,54,150,258
KA Maharaj,39,36,2,6.0,6.5,,6.2,8.0,0,30,6,36
KA Pollard,2095,1488,68,248.0,8.44758064516129,10.397626112759644,7.824215246636771,9.5,337,1115,36,1488
KAJ Roach,76,48,0,8.0,9.5,14.333333333333334,7.0,6.333333333333333,18,12,18,48
KC Cariappa,335,216,8,36.0,9.305555555555555,7.666666666666667,9.185185185185185,10.666666666666666,18,162,36,216
KH Pandya,2925,2398,91,399.6666666666667,7.3185988323602995,7.990099009900991,7.083636363636364,7.78021978021978,202,1650,546,2398
KJ Abbott,174,96,2,16.0,10.875,13.0,10.2,10.142857142857142,24,30,42,96
KK Ahmed,2277,1556,90,259.3333333333333,8.780205655526993,10.336633663366337,8.142857142857142,8.26,404,252,900,1556
KK Cooper,757,576,33,96.0,7.885416666666667,8.818181818181818,7.277777777777778,6.6875,264,216,96,576
KL Nagarkoti,282,180,5,30.0,9.4,11.4,9.05,8.8,30,120,30,180
KM Asif,220,134,7,22.333333333333332,9.850746268656717,14.76923076923077,8.0,9.714285714285714,26,66,42,134
KMA Paul,204,163,9,27.166666666666668,7.509202453987729,8.204081632653061,7.111111111111111,9.0,49,108,6,163
KMDN Kulasekara,117,102,5,17.0,6.882352941176471,6.4,8.0,7.0,30,6,66,102
KP Appanna,283,216,9,36.0,7.861111111111111,12.0,7.516129032258065,8.666666666666666,12,186,18,216
KP Pietersen,208,174,7,29.0,7.172413793103448,9.75,7.045454545454546,4.666666666666667,24,132,18,174
KR Mayers,53,42,0,7.0,7.571428571428571,,14.0,6.5,0,6,36,42
KR Sen,373,241,14,40.166666666666664,9.28630705394191,12.78688524590164,7.782608695652174,9.142857142857142,61,138,42,241
KS Williamson,31,18,0,3.0,10.333333333333334,,12.0,7.0,0,12,6,18
KT Maphaka,143,66,2,11.0,13.0,16.0,14.5,11.714285714285714,12,12,42,66
KV Sharma,2237,1585,83,264.1666666666667,8.468138801261828,10.56198347107438,8.426605504587156,7.1923076923076925,121,1308,156,1585
KW Richardson,465,335,20,55.833333333333336,8.328358208955224,10.831858407079647,8.333333333333334,6.642857142857143,113,54,168,335
Kamran Khan,236,166,10,27.666666666666668,8.53012048192771,9.88235294117647,6.75,9.0,34,48,84,166
Karanveer Singh,314,204,12,34.0,9.235294117647058,12.75,8.464285714285714,13.0,24,168,12,204
Karim Janat,30,6,0,1.0,30.0,,30.0,,0,6,0,6
Kartik Tyagi,669,422,15,70.33333333333333,9.511848341232229,10.278688524590164,8.56,9.84,122,150,150,422
Kuldeep Yadav,2749,2064,101,344.0,7.991279069767442,8.137724550898204,7.9652694610778445,7.9,334,1670,60,2064
L Ablish,73,42,3,7.0,10.428571428571429,5.333333333333333,15.5,13.0,18,12,12,42
L Balaji,1998,1512,76,252.0,7.928571428571429,10.111553784860558,6.857142857142858,6.826666666666667,502,560,450,1512
L Ngidi,511,372,29,62.0,8.241935483870968,9.125,8.0,7.52,144,78,150,372
L Wood,92,36,1,6.0,15.333333333333334,21.5,11.5,13.0,12,12,12,36
LA Carseldine,5,6,1,1.0,5.0,,,5.0,0,0,6,6
LB Williams,64,37,1,6.166666666666667,10.378378378378377,12.0,4.0,11.52,6,6,25,37
LE Plunkett,224,150,4,25.0,8.96,8.75,8.4,10.0,48,60,42,150
LH Ferguson,1480,1026,54,171.0,8.654970760233919,10.236421725239618,7.621621621621622,8.520446096654275,313,444,269,1026
LI Meriwala,27,18,1,3.0,9.0,,4.0,11.5,0,6,12,18
LJ Wright,121,71,2,11.833333333333334,10.225352112676056,11.739130434782608,9.142857142857142,12.0,23,42,6,71
LMP Simmons,34,18,1,3.0,11.333333333333334,12.0,10.0,,12,6,0,18
LPC Silva,21,6,0,1.0,21.0,21.0,,,6,0,0,6
LR Shukla,438,314,15,52.333333333333336,8.369426751592357,8.692307692307692,7.857142857142857,11.53846153846154,78,210,26,314
LRPL Taylor,23,12,0,2.0,11.5,,11.5,,0,12,0,12
LS Livingstone,462,312,13,52.0,8.884615384615385,6.5,9.311111111111112,5.666666666666667,24,270,18,312
Lalit Yadav,418,288,10,48.0,8.708333333333334,9.0,8.178571428571429,9.5625,24,168,96,288
M Ashwin,1150,870,35,145.0,7.931034482758621,8.80952380952381,7.623853211009174,8.933333333333334,126,654,90,870
M Jansen,1097,735,36,122.5,8.955102040816326,10.351648351648352,9.37190082644628,8.388059701492537,91,242,402,735
M Kartik,1366,1149,31,191.5,7.133159268929504,8.025974025974026,7.022058823529412,6.871508379888269,154,816,179,1149
M Manhas,42,42,0,7.0,6.0,8.0,5.666666666666667,,6,36,0,42
M Markande,1062,720,36,120.0,8.85,10.9375,8.528846153846153,,96,624,0,720
M Morkel,2042,1629,77,271.5,7.5211786372007365,9.092307692307692,7.54954954954955,6.8344370860927155,390,333,906,1629
M Muralitharan,1700,1528,64,254.66666666666666,6.675392670157068,7.985454545454545,6.401809954751132,6.283783783783783,275,1105,148,1528
M Ntini,252,210,7,35.0,7.2,8.5,7.333333333333333,6.884615384615385,36,18,156,210
M Pathirana,942,702,47,117.0,8.051282051282051,8.686567164179104,7.2,,402,300,0,702
M Prasidh Krishna,2135,1506,75,251.0,8.50597609561753,10.032,7.511450381679389,7.898858075040783,500,393,613,1506
M Shahrukh Khan,29,18,1,3.0,9.666666666666666,7.0,11.0,,6,12,0,18
M Siddharth,130,97,3,16.166666666666668,8.041237113402062,,9.666666666666666,7.081967213114755,0,36,61,97
M Theekshana,1192,876,36,146.0,8.164383561643836,8.5,7.75,8.538461538461538,156,408,312,876
M Tiwari,14,6,0,1.0,14.0,,14.0,,0,6,0,6
M Vijay,48,36,0,6.0,8.0,,8.2,7.0,0,30,6,36
M de Lange,158,108,5,18.0,8.777777777777779,11.4,9.333333333333334,7.3,30,18,60,108
MA Khote,52,30,2,5.0,10.4,12.0,9.333333333333334,,12,18,0,30
MA Starc,1485,1064,65,177.33333333333334,8.37406015037594,8.616822429906541,7.181818181818182,8.504091653027823,321,132,611,1064
MA Wood,185,120,11,20.0,9.25,12.11111111111111,5.428571428571429,9.5,54,42,24,120
MB Parmar,32,18,0,3.0,10.666666666666666,,9.5,13.0,0,12,6,18
MC Henriques,1268,950,42,158.33333333333334,8.00842105263158,9.428571428571429,7.775038520801233,8.068965517241379,98,649,203,950
MF Maharoof,504,420,27,70.0,7.2,8.882352941176471,6.0,7.25,102,150,168,420
MG Bracewell,95,66,6,11.0,8.636363636363637,,9.11111111111111,6.5,0,54,12,66
MG Johnson,1655,1235,62,205.83333333333334,8.040485829959513,9.298013245033113,7.673076923076923,7.613526570048309,302,312,621,1235
MG Neser,59,24,0,4.0,14.75,16.5,8.0,18.0,12,6,6,24
MJ Clarke,72,66,2,11.0,6.545454545454546,9.0,6.3,,6,60,0,66
MJ Henry,180,102,2,17.0,10.588235294117647,14.333333333333334,8.0,9.923076923076923,18,6,78,102
MJ McClenaghan,1730,1274,71,212.33333333333334,8.14756671899529,8.902173913043478,8.452380952380953,7.605504587155964,368,252,654,1274
MJ Santner,718,603,24,100.5,7.144278606965174,9.333333333333334,6.814285714285714,7.434782608695652,45,420,138,603
MJ Suthar,26,12,0,2.0,13.0,,,13.0,0,0,12,12
MK Lomror,123,90,1,15.0,8.2,,8.615384615384615,5.5,0,78,12,90
MK Tiwary,78,42,1,7.0,11.142857142857142,13.5,10.2,,12,30,0,42
MM Ali,1021,854,41,142.33333333333334,7.173302107728337,7.578947368421052,7.360912981455065,5.5625,57,701,96,854
MM Patel,1682,1355,74,225.83333333333334,7.4479704797047965,10.111475409836066,6.136363636363637,7.0,305,396,654,1355
MM Sharma,3448,2403,134,400.5,8.60923845193508,10.052044609665428,7.723577235772358,8.013986013986013,807,738,858,2403
MN Samuels,279,214,9,35.666666666666664,7.822429906542056,10.038461538461538,8.071428571428571,6.076923076923077,52,84,78,214
MP Stoinis,1425,888,44,148.0,9.628378378378379,12.804878048780488,8.87787610619469,9.018867924528301,164,565,159,888
MP Yadav,179,121,9,20.166666666666668,8.87603305785124,6.947368421052632,7.7272727272727275,12.0,19,66,36,121
MR Marsh,769,560,37,93.33333333333333,8.239285714285714,10.661157024793388,7.243243243243243,8.60377358490566,121,333,106,560
MS Gony,1278,888,37,148.0,8.635135135135135,10.45,7.808510638297872,8.666666666666666,120,282,486,888
MW Short,24,24,0,4.0,6.0,,5.5,6.5,0,12,12,24
Mandeep Singh,26,12,0,2.0,13.0,,13.0,,0,12,0,12
Mashrafe Mortaza,51,24,0,4.0,12.75,13.0,,12.5,12,0,12,24
Mayank Dagar,200,137,2,22.833333333333332,8.75912408759124,7.764705882352941,8.277777777777779,14.5,17,108,12,137
Mohammad Asif,299,192,8,32.0,9.34375,10.2,7.714285714285714,9.533333333333333,60,42,90,192
Mohammad Hafeez,64,60,2,10.0,6.4,,6.4,,0,60,0,60
Mohammad Nabi,524,417,15,69.5,7.539568345323741,10.0,8.157894736842104,6.392857142857143,21,228,168,417
Mohammed Shami,3688,2615,133,435.8333333333333,8.461950286806884,10.506666666666666,8.337662337662337,7.566982408660351,675,462,1478,2615
Mohammed Siraj,3232,2300,110,383.3333333333333,8.431304347826087,9.646706586826348,7.293333333333333,8.17766497461929,668,450,1182,2300
Mohit Rathee,29,12,0,2.0,14.5,,14.5,,0,12,0,12
Mohsin Khan,672,486,27,81.0,8.296296296296296,10.043478260869565,7.368421052631579,7.717948717948718,138,114,234,486
Monu Kumar,14,12,0,2.0,7.0,9.0,,5.0,6,0,6,12
Mujeeb Ur Rahman,593,446,20,74.33333333333333,7.9775784753363235,11.416666666666666,7.410256410256411,7.1571428571428575,72,234,140,446
Mukesh Choudhary,498,315,17,52.5,9.485714285714286,12.588235294117647,8.285714285714286,9.0,51,42,222,315
Mukesh Kumar,1072,636,37,106.0,10.11320754716981,12.275,8.909090909090908,8.75,240,132,264,636
Musheer Khan,27,12,1,2.0,13.5,,13.5,,0,12,0,12
Mustafizur Rahman,1810,1365,65,227.5,7.956043956043956,8.822916666666666,7.638036809815951,7.101511879049675,576,326,463,1365
N Burger,145,102,7,17.0,8.529411764705882,4.0,8.5,9.9,18,24,60,102
N Rana,266,192,10,32.0,8.3125,6.782608695652174,8.458333333333334,8.879999999999999,23,144,25,192
N Thushara,266,180,9,30.0,8.866666666666667,8.636363636363637,10.333333333333334,8.75,66,18,96,180
N Wadhera,22,17,0,2.8333333333333335,7.764705882352941,10.799999999999999,6.5,,5,12,0,17
NA Saini,809,592,18,98.66666666666667,8.199324324324325,9.13953488372093,7.925925925925926,7.744186046511628,172,162,258,592
NB Singh,17,24,1,4.0,4.25,,,4.25,0,0,24,24
ND Doshi,78,56,2,9.333333333333334,8.357142857142856,5.5,8.076923076923077,10.666666666666666,12,26,18,56
NJ Rimmington,20,18,0,3.0,6.666666666666667,,6.0,7.0,0,6,12,18
NL McCullum,35,30,0,5.0,7.0,,7.666666666666667,6.0,0,18,12,30
NLTC Perera,1010,698,31,116.33333333333333,8.681948424068768,11.165217391304347,7.520833333333333,7.366666666666666,230,288,180,698
NM Coulter-Nile,1079,857,48,142.83333333333334,7.554259043173862,9.096774193548386,6.771084337349397,7.033333333333333,248,249,360,857
NT Ellis,533,378,19,63.0,8.46031746031746,10.695652173913043,7.260869565217392,7.0588235294117645,138,138,102,378
Naman Dhir,75,52,0,8.666666666666666,8.653846153846155,4.0,10.76470588235294,6.0,12,34,6,52
Navdeep Saini,131,72,6,12.0,10.916666666666666,6.0,11.666666666666666,12.25,12,36,24,72
Naveen-ul-Haq,576,388,25,64.66666666666667,8.90721649484536,9.1875,7.142857142857143,9.625,160,84,144,388
Nithish Kumar Reddy,242,139,5,23.166666666666668,10.446043165467625,13.741935483870966,9.6,9.0,31,90,18,139
Noor Ahmad,1041,792,47,132.0,7.886363636363637,7.653543307086614,7.895253682487725,8.333333333333334,127,611,54,792
O Thomas,81,60,5,10.0,8.1,7.5,4.5,9.5,12,12,36,60
OC McCoy,237,162,11,27.0,8.777777777777779,8.4,9.31764705882353,7.0,65,85,12,162
OF Smith,173,90,6,15.0,11.533333333333333,14.666666666666666,12.0,7.0,18,54,18,90
P Amarnath,241,132,7,22.0,10.954545454545455,13.333333333333334,10.5,12.0,18,108,6,132
P Awana,1007,747,39,124.5,8.088353413654618,10.350877192982455,7.03921568627451,7.844444444444444,171,306,270,747
P Dubey,111,78,2,13.0,8.538461538461538,11.0,8.333333333333334,,6,72,0,78
P Kumar,3197,2524,90,420.6666666666667,7.5998415213946116,10.378378378378377,7.666666666666667,6.538167938931298,592,360,1572,2524
P Negi,937,716,35,119.33333333333333,7.85195530726257,11.025,7.333333333333333,9.142857142857142,80,594,42,716
P Parameswaran,215,154,9,25.666666666666668,8.376623376623376,9.538461538461538,7.215189873417722,9.666666666666666,39,79,36,154
P Prasanth,18,6,0,1.0,18.0,,18.0,,0,6,0,6
P Ray Barman,56,24,0,4.0,14.0,20.0,12.0,,6,18,0,24
P Sahu,150,105,3,17.5,8.571428571428571,10.333333333333334,8.074074074074074,10.0,18,81,6,105
P Suyal,140,96,2,16.0,8.75,9.5,7.0,8.8,24,12,60,96
PC Valthaty,201,151,7,25.166666666666668,7.986754966887417,9.473684210526317,7.7727272727272725,,19,132,0,151
PD Collingwood,100,89,5,14.833333333333334,6.741573033707865,5.478260869565217,7.181818181818182,,23,66,0,89
PH Solanki,39,36,2,6.0,6.5,7.5,6.0,,12,24,0,36
PHKD Mendis,60,42,2,7.0,8.571428571428571,,8.571428571428571,,0,42,0,42
PJ Cummins,2350,1617,79,269.5,8.719851576994435,10.174496644295303,7.772151898734177,8.431034482758621,447,474,696,1617
PJ Sangwan,1202,856,38,142.66666666666666,8.425233644859814,9.661764705882353,8.065573770491802,8.322033898305085,136,366,354,856
PM Sarvesh Kumar,41,30,1,5.0,8.2,,8.5,7.0,0,24,6,30
PP Chawla,5097,3850,189,641.6666666666666,7.943376623376624,8.756756756756756,7.855170090939711,7.716247139588101,444,2969,437,3850
PP Ojha,2322,1899,88,316.5,7.3364928909952605,9.314685314685315,6.8040786598689,8.025,286,1373,240,1899
PV Tambe,847,660,27,110.0,7.7,10.923076923076923,7.059523809523809,8.615384615384615,78,504,78,660
PVD Chameera,606,384,13,64.0,9.46875,11.058823529411764,8.333333333333334,9.15625,102,90,192,384
PVSN Raju,49,24,1,4.0,12.25,12.5,12.0,12.0,12,6,6,24
PWA Mulder,16,6,0,1.0,16.0,16.0,,,6,0,0,6
PWH de Silva,1122,798,46,133.0,8.436090225563909,8.4,8.300970873786408,9.9,120,618,60,798
Pankaj Singh,455,300,11,50.0,9.1,13.125,9.411764705882353,7.6,48,102,150,300
Parvez Rasool,270,198,4,33.0,8.181818181818182,,7.681818181818182,9.181818181818182,0,132,66,198
Prince Yadav,219,137,3,22.833333333333332,9.591240875912408,13.542857142857143,8.23076923076923,8.25,35,78,24,137
R Ashwin,5521,4710,184,785.0,7.033121019108281,7.9267886855241265,6.871543577178858,6.972843450479234,601,2857,1252,4710
R Bhatia,2023,1636,71,272.6666666666667,7.419315403422982,8.519480519480519,7.19310839913855,12.5,231,1393,12,1636
R Dhawan,880,662,25,110.33333333333333,7.97583081570997,10.304347826086957,7.318840579710145,8.346153846153847,92,414,156,662
R Goyal,34,24,0,4.0,8.5,,8.5,,0,24,0,24
R McLaren,529,354,12,59.0,8.966101694915254,10.071428571428571,8.8,8.48,84,120,150,354
R Ninan,65,36,3,6.0,10.833333333333334,16.0,9.8,,6,30,0,36
R Parag,462,295,7,49.166666666666664,9.396610169491526,13.384615384615385,9.266666666666667,8.0,13,270,12,295
R Powell,32,18,1,3.0,10.666666666666666,13.0,9.5,,6,12,0,18
R Rampaul,308,268,16,44.666666666666664,6.895522388059702,11.423076923076923,5.666666666666667,5.851851851851852,52,54,162,268
R Ravindra,7,12,0,2.0,3.5,,3.5,,0,12,0,12
R Sai Kishore,643,441,32,73.5,8.748299319727892,10.518518518518519,8.210526315789474,11.0,81,342,18,441
R Sanjay Yadav,21,12,0,2.0,10.5,,13.0,8.0,0,6,6,12
R Sathish,228,139,3,23.166666666666668,9.841726618705035,18.48,7.947368421052632,,25,114,0,139
R Sharma,1093,928,40,154.66666666666666,7.066810344827586,8.883116883116882,6.701754385964913,6.733333333333333,154,684,90,928
R Shepherd,400,210,10,35.0,11.428571428571429,12.857142857142858,11.416666666666666,9.0,42,144,24,210
R Shukla,206,120,5,20.0,10.3,13.4,10.166666666666666,8.666666666666666,30,36,54,120
R Tewatia,1093,843,32,140.5,7.779359430604982,7.2,7.816793893129771,7.5,45,786,12,843
R Vinay Kumar,2953,2127,105,354.5,8.330042313117067,10.191780821917808,7.7478991596638656,7.261904761904762,657,714,756,2127
RA Jadeja,5139,4056,169,676.0,7.60207100591716,8.761363636363637,7.398936170212766,8.125,528,3384,144,4056
RA Shaikh,11,6,0,1.0,11.0,,,11.0,0,0,6,6
RA Tripathi,12,6,0,1.0,12.0,,12.0,,0,6,0,6
RD Chahar,2131,1670,75,278.3333333333333,7.656287425149701,7.75609756097561,7.635983263598327,7.833333333333333,164,1434,72,1670
RE van der Merwe,503,443,21,73.83333333333333,6.812641083521445,8.210526315789473,6.0576923076923075,9.666666666666666,95,312,36,443
RG More,61,35,1,5.833333333333333,10.457142857142857,10.235294117647058,8.5,15.0,17,12,6,35
RG Sharma,447,339,15,56.5,7.911504424778761,8.693877551020408,7.8,7.68,49,240,50,339
RJ Gleeson,106,68,2,11.333333333333334,9.352941176470587,11.076923076923078,6.666666666666667,9.5,26,18,24,68
RJ Harris,1034,832,45,138.66666666666666,7.45673076923077,9.218978102189782,7.2272727272727275,6.394366197183099,274,132,426,832
RJ Peterson,70,48,3,8.0,8.75,13.0,7.0,5.0,18,18,12,48
RJW Topley,217,120,5,20.0,10.85,13.6,11.8,9.0,30,30,60,120
RN ten Doeschate,88,78,2,13.0,6.769230769230769,10.0,6.5,,6,72,0,78
RP Meredith,571,388,19,64.66666666666667,8.829896907216494,10.153846153846153,8.12,8.222222222222221,130,150,108,388
RP Singh,2297,1775,90,295.8333333333333,7.764507042253522,9.028462998102468,8.048780487804878,7.029940119760479,527,246,1002,1775
RR Bhatkal,35,12,0,2.0,17.5,,15.0,20.0,0,6,6,12
RR Bose,24,12,0,2.0,12.0,,,12.0,0,0,12,12
RR Powar,512,426,12,71.0,7.211267605633803,8.75,7.066666666666666,7.2272727272727275,24,270,132,426
RR Raje,204,139,6,23.166666666666668,8.805755395683454,10.054054054054054,8.375,8.0,37,96,6,139
RS Bopara,285,206,11,34.333333333333336,8.300970873786408,10.0,7.865853658536586,,42,164,0,206
RS Gavaskar,8,6,0,1.0,8.0,8.0,,,6,0,0,6
RS Hangargekar,53,36,3,6.0,8.833333333333334,6.5,10.0,10.0,12,18,6,36
RV Gomez,129,96,5,16.0,8.0625,12.5,7.428571428571429,,12,84,0,96
RV Patel,20,18,0,3.0,6.666666666666667,10.0,5.0,,6,12,0,18
RW Price,33,18,0,3.0,11.0,,9.5,14.0,0,12,6,18
Ramandeep Singh,59,40,6,6.666666666666667,8.85,10.090909090909092,7.333333333333333,,22,18,0,40
Rashid Khan,3812,3202,158,533.6666666666666,7.143035602748283,8.375,6.708827404479578,7.9426934097421205,576,2277,349,3202
Rasikh Salam,396,231,10,38.5,10.285714285714286,10.761904761904763,10.052631578947368,10.222222222222221,63,114,54,231
Ravi Bishnoi,2194,1633,72,272.1666666666667,8.061236987140232,9.136929460580914,7.80188679245283,8.65,241,1272,120,1633
S Aravind,1025,760,45,126.66666666666667,8.092105263157894,9.648648648648647,8.516129032258064,7.366197183098592,148,186,426,760
S Badree,319,258,11,43.0,7.4186046511627906,4.0,8.0,7.1923076923076925,6,96,156,258
S Dhawan,71,48,4,8.0,8.875,,8.0,10.333333333333334,0,30,18,48
S Dube,213,124,5,20.666666666666668,10.306451612903226,10.95,10.0,,40,84,0,124
S Gopal,1345,991,52,165.16666666666666,8.143289606458124,6.327272727272728,8.291970802919709,7.947368421052632,55,822,114,991
S Joseph,40,24,0,4.0,10.0,,10.5,9.5,0,12,12,24
S Kaul,1736,1209,58,201.5,8.615384615384615,8.83453237410072,8.067567567567568,9.051724137931034,417,444,348,1209
S Kaushik,298,204,6,34.0,8.764705882352942,14.75,7.37037037037037,13.333333333333334,24,162,18,204
S Ladda,221,138,5,23.0,9.608695652173912,12.0,8.642857142857142,9.333333333333334,36,84,18,138
S Lamichhane,296,210,13,35.0,8.457142857142857,10.2,7.833333333333333,8.666666666666666,30,108,72,210
S Midhun,28,12,0,2.0,14.0,,14.0,,0,12,0,12
S Nadeem,1758,1415,48,235.83333333333334,7.454416961130741,9.157894736842104,7.102897102897103,7.98,114,1001,300,1415
S Narwal,196,106,5,17.666666666666668,11.094339622641508,19.666666666666668,9.272727272727273,9.363636363636363,18,22,66,106
S Rana,18,16,0,2.6666666666666665,6.75,3.0,8.0,,4,12,0,16
S Randiv,217,174,6,29.0,7.482758620689655,9.0,7.125,9.5,18,144,12,174
S Sandeep Warrier,243,168,8,28.0,8.678571428571429,,8.6,8.695652173913043,0,30,138,168
S Sreesanth,1120,880,41,146.66666666666666,7.636363636363637,10.897058823529411,7.344827586206897,6.947368421052632,136,174,570,880
S Sriram,49,18,0,3.0,16.333333333333332,,16.333333333333332,,0,18,0,18
S Tyagi,292,209,6,34.833333333333336,8.382775119617225,16.363636363636363,7.0,8.107142857142858,11,30,168,209
S Vidyut,21,12,1,2.0,10.5,,10.5,,0,12,0,12
SA Abbott,99,54,1,9.0,11.0,17.0,9.333333333333334,10.8,6,18,30,54
SA Yadav,8,6,0,1.0,8.0,,,8.0,0,0,6,6
SB Bangar,214,150,4,25.0,8.56,14.25,8.0,4.333333333333333,24,108,18,150
SB Jakati,1444,1085,46,180.83333333333334,7.985253456221198,9.572519083969466,7.671328671328672,8.625,131,858,96,1085
SB Joshi,82,55,1,9.166666666666666,8.945454545454545,11.142857142857142,8.625,,7,48,0,55
SB Styris,272,216,8,36.0,7.555555555555555,10.454545454545455,6.388888888888889,6.0,66,108,42,216
SB Wagh,141,102,5,17.0,8.294117647058824,11.5,,7.866666666666666,12,0,90,102
SC Ganguly,365,276,10,46.0,7.934782608695652,16.5,7.341463414634147,10.333333333333334,12,246,18,276
SC Kuggeleijn,69,48,2,8.0,8.625,8.0,8.666666666666666,11.0,24,18,6,48
SD Chitnis,56,36,2,6.0,9.333333333333334,4.0,10.0,12.0,6,24,6,36
SE Bond,219,186,9,31.0,7.064516129032258,9.333333333333334,6.0,6.2,54,42,90,186
SE Rutherford,55,41,1,6.833333333333333,8.048780487804878,2.4,8.833333333333334,,5,36,0,41
SH Johnson,281,164,5,27.333333333333332,10.28048780487805,8.863636363636363,12.5,10.071428571428571,44,36,84,164
SJ Srivastava,412,282,14,47.0,8.76595744680851,9.11111111111111,8.5625,8.772727272727273,54,96,132,282
SK Raina,1117,908,25,151.33333333333334,7.381057268722467,8.651162790697674,7.136044880785414,7.545454545454546,129,713,66,908
SK Trivedi,1863,1506,65,251.0,7.422310756972111,8.823529411764707,6.888268156424581,8.571428571428571,306,1074,126,1506
SK Warne,1426,1194,56,199.0,7.165829145728643,8.833333333333334,6.687898089171974,9.666666666666666,216,942,36,1194
SL Malinga,3298,2828,170,471.3333333333333,6.997171145685997,7.7994628469113705,7.07,6.151215121512151,1117,600,1111,2828
SM Boland,55,42,2,7.0,7.857142857142857,7.666666666666667,10.0,7.333333333333333,18,6,18,42
SM Curran,1995,1253,59,208.83333333333334,9.553072625698324,11.02827763496144,10.285714285714286,8.16842105263158,389,294,570,1253
SM Harwood,62,60,3,10.0,6.2,11.0,4.0,2.0,24,18,18,60
SM Pollock,303,276,11,46.0,6.586956521739131,8.0,7.818181818181818,6.147058823529412,6,66,204,276
SMSM Senanayake,208,192,9,32.0,6.5,8.5,9.428571428571429,5.142857142857143,24,42,126,192
SN Khan,6,2,0,0.3333333333333333,18.0,18.0,,,2,0,0,2
SN Thakur,3116,2070,109,345.0,9.031884057971014,10.123422159887799,7.780821917808219,9.094285714285714,713,657,700,2070
SP Narine,4931,4351,192,725.1666666666666,6.799816134222018,7.318744053282589,6.601010101010101,6.720779220779221,1051,2376,924,4351
SPD Smith,5,2,0,0.3333333333333333,15.0,15.0,,,2,0,0,2
SR Tendulkar,58,36,0,6.0,9.666666666666666,19.0,7.8,,6,30,0,36
SR Watson,2622,2029,92,338.1666666666667,7.753573188762937,9.306759098786827,7.281553398058253,7.028776978417266,577,618,834,2029
SS Agarwal,42,24,1,4.0,10.5,,10.333333333333334,11.0,0,18,6,24
SS Cottrell,162,120,6,20.0,8.1,15.666666666666666,6.333333333333333,6.857142857142857,18,18,84,120
SS Iyer,7,6,0,1.0,7.0,7.0,,,6,0,0,6
SS Mundhe,5,6,1,1.0,5.0,,,5.0,0,0,6,6
SS Sarkar,34,25,1,4.166666666666667,8.16,6.0,6.0,15.0,13,6,6,25
SSB Magala,51,36,1,6.0,8.5,5.0,6.5,14.0,12,12,12,36
ST Jayasuriya,381,294,13,49.0,7.775510204081633,8.6,7.5,10.0,60,228,6,294
STR Binny,746,594,23,99.0,7.5353535353535355,9.6,7.301587301587301,7.3076923076923075,60,378,156,594
SW Tait,580,473,24,78.83333333333333,7.357293868921777,7.76,8.021052631578947,6.815789473684211,150,95,228,473
SZ Mulani,54,30,0,5.0,10.8,19.0,7.666666666666667,12.0,6,18,6,30
Sachin Baby,8,10,2,1.6666666666666667,4.8,6.0,4.0,,4,6,0,10
Sandeep Sharma,3990,3045,146,507.5,7.862068965517241,9.956931359353971,7.901960784313726,6.926627218934911,743,612,1690,3045
Shahbaz Ahmed,930,588,22,98.0,9.489795918367347,7.6923076923076925,9.578947368421053,9.72,39,399,150,588
Shahid Afridi,232,180,9,30.0,7.733333333333333,9.666666666666666,7.45,6.25,36,120,24,180
Shakib Al Hasan,1827,1484,63,247.33333333333334,7.386792452830188,9.309278350515463,6.857142857142857,7.546666666666667,194,840,450,1484
Shashank Singh,51,30,1,5.0,10.2,16.0,8.75,,6,24,0,30
Shivam Mavi,906,649,30,108.16666666666667,8.375963020030817,10.267379679144385,6.666666666666667,8.12,187,162,300,649
Shivam Sharma,165,114,4,19.0,8.68421052631579,9.5,8.466666666666667,,24,90,0,114
Shoaib Ahmed,153,102,5,17.0,9.0,14.0,6.7272727272727275,12.333333333333334,18,66,18,102
Shoaib Akhtar,50,42,5,7.0,7.142857142857143,,,7.142857142857143,0,0,42,42
Shoaib Malik,78,51,2,8.5,9.176470588235293,9.6,9.0,,15,36,0,51
Sikandar Raza,139,85,3,14.166666666666666,9.811764705882354,,9.205479452054796,13.5,0,73,12,85
Simarjeet Singh,389,240,11,40.0,9.725,10.0,9.538461538461538,9.761904761904763,36,78,126,240
Sohail Tanvir,255,247,22,41.166666666666664,6.194331983805668,6.87378640776699,4.0,5.863636363636363,103,12,132,247
Sumit Kumar,36,20,0,3.3333333333333335,10.799999999999999,18.0,10.0,,2,18,0,20
Sunny Gupta,45,18,0,3.0,15.0,,16.5,12.0,0,12,6,18
Suryansh Shedge,37,18,0,3.0,12.333333333333334,23.0,7.0,,6,12,0,18
Suyash Sharma,819,558,18,93.0,8.806451612903226,10.333333333333334,8.628205128205128,7.333333333333333,72,468,18,558
Swapnil Singh,237,162,7,27.0,8.777777777777779,,8.85,8.571428571428571,0,120,42,162
T Henderson,41,36,1,6.0,6.833333333333333,9.333333333333334,4.333333333333333,,18,18,0,36
T Natarajan,1984,1362,68,227.0,8.740088105726873,9.92100538599641,7.629976580796252,8.253968253968255,557,427,378,1362
T Shamsi,185,120,3,20.0,9.25,14.0,8.411764705882353,,18,102,0,120
T Stubbs,68,36,3,6.0,11.333333333333334,5.0,12.6,,6,30,0,36
T Thushara,150,135,8,22.5,6.666666666666667,9.733333333333333,4.0,5.7,45,30,60,135
TA Boult,3678,2687,143,447.8333333333333,8.21287681429103,10.44382801664355,8.627118644067796,7.124069478908188,721,354,1612,2687
TG Southee,1711,1206,47,201.0,8.512437810945274,10.344827586206897,7.513513513513513,7.8584905660377355,348,222,636,1206
TK Curran,415,238,13,39.666666666666664,10.46218487394958,12.054054054054054,8.964705882352941,9.285714285714286,111,85,42,238
TL Suman,195,150,6,25.0,7.8,11.5,7.15,6.0,24,120,6,150
TM Dilshan,363,271,5,45.166666666666664,8.03690036900369,7.4399999999999995,8.0,8.571428571428571,25,204,42,271
TM Head,113,58,2,9.666666666666666,11.689655172413794,9.0,12.899999999999999,,18,40,0,58
TP Sudhindra,129,70,1,11.666666666666666,11.057142857142857,13.636363636363637,11.25,8.5,22,24,24,70
TS Mills,334,209,11,34.833333333333336,9.588516746411482,9.876923076923076,11.0,7.916666666666667,65,72,72,209
TU Deshpande,1533,966,51,161.0,9.521739130434783,11.096153846153847,9.066666666666666,8.658227848101266,312,180,474,966
Tejas Baroka,33,21,0,3.5,9.428571428571429,18.0,8.0,8.0,3,12,6,21
Tilak Varma,27,22,0,3.6666666666666665,7.363636363636364,12.0,6.0,7.0,4,12,6,22
UT Yadav,4262,3057,144,509.5,8.365063788027477,10.155737704918034,8.075601374570446,7.636363636363637,732,873,1452,3057
Umar Gul,173,135,12,22.5,7.688888888888889,10.4,7.0,5.333333333333333,45,54,36,135
Umran Malik,738,494,29,82.33333333333333,8.963562753036438,10.273972602739727,8.102301790281329,17.0,73,391,30,494
V Kaverappa,36,24,2,4.0,9.0,,16.0,6.666666666666667,0,6,18,24
V Kohli,350,251,4,41.833333333333336,8.366533864541832,12.461538461538462,7.8933333333333335,,26,225,0,251
V Nigam,345,234,11,39.0,8.846153846153847,5.666666666666667,9.48,9.25,36,150,48,234
V Pratap Singh,293,204,10,34.0,8.617647058823529,10.0,7.909090909090909,8.5,42,66,96,204
V Puthur,108,72,6,12.0,9.0,11.5,8.5,,12,60,0,72
V Sehwag,230,136,6,22.666666666666668,10.147058823529411,13.636363636363637,8.176470588235293,20.5,22,102,12,136
V Shankar,315,238,9,39.666666666666664,7.9411764705882355,7.866666666666666,8.14054054054054,3.75,45,185,8,238
V Viyaskanth,90,60,1,10.0,9.0,,9.0,,0,60,0,60
VG Arora,965,639,36,106.5,9.061032863849766,10.074626865671643,11.23076923076923,8.346604215456674,134,78,427,639
VR Aaron,1439,994,44,165.66666666666666,8.686116700201207,10.932692307692308,7.82089552238806,8.375,208,402,384,994
VR Iyer,142,81,3,13.5,10.518518518518519,9.636363636363637,11.125,,33,48,0,81
VRV Singh,528,360,12,60.0,8.8,8.5,8.379310344827585,10.153846153846153,108,174,78,360
VS Malik,260,205,6,34.166666666666664,7.609756097560976,10.285714285714285,8.0,7.238095238095238,7,72,126,205
VS Yeligati,55,30,0,5.0,11.0,13.0,9.666666666666666,13.0,6,18,6,30
VY Mahesh,475,339,21,56.5,8.4070796460177,7.0476190476190474,7.909090909090909,10.76923076923077,63,198,78,339
Vijaykumar Vyshak,543,333,17,55.5,9.783783783783784,11.925925925925926,9.085714285714285,9.142857142857142,81,210,42,333
Vivrant Sharma,28,18,0,3.0,9.333333333333334,,9.333333333333334,,0,18,0,18
W O'Rourke,129,62,6,10.333333333333334,12.483870967741934,12.857142857142856,12.0,12.75,14,24,24,62
WA Mota,94,72,4,12.0,7.833333333333333,11.5,6.0,,24,48,0,72
WD Parnell,910,723,36,120.5,7.551867219917012,8.25974025974026,6.95,7.306451612903226,231,120,372,723
WG Jacks,210,138,8,23.0,9.130434782608695,10.0,8.8125,9.833333333333334,6,96,36,138
WPUJC Vaas,352,282,18,47.0,7.48936170212766,11.375,8.833333333333334,6.303030303030303,48,36,198,282
Washington Sundar,1428,1119,38,186.5,7.656836461126005,9.407407407407407,7.027522935779817,8.359375,81,654,384,1119
XC Bartlett,96,60,2,10.0,9.6,,12.0,9.0,0,12,48,60
Y Gnaneswara Rao,7,6,0,1.0,7.0,,7.0,,0,6,0,6
Y Nagar,115,66,4,11.0,10.454545454545455,,10.5,10.0,0,60,6,66
Y Prithvi Raj,54,30,1,5.0,10.8,,7.333333333333333,16.0,0,18,12,30
Y Venugopal Rao,330,216,6,36.0,9.166666666666666,13.25,8.4,9.571428571428571,24,150,42,216
YA Abdulla,294,209,15,34.833333333333336,8.440191387559809,11.288135593220339,7.7272727272727275,7.0,59,66,84,209
YBK Jaiswal,6,1,0,0.16666666666666666,36.0,36.0,,,1,0,0,1
YK Pathan,1400,1147,41,191.16666666666666,7.323452484742807,9.49367088607595,7.470588235294118,6.5423728813559325,79,714,354,1147
YS Chahal,4964,3791,217,631.8333333333334,7.856502242152466,9.153965785381025,7.552478134110787,7.856435643564357,643,2744,404,3791
Yash Dayal,1343,872,41,145.33333333333334,9.240825688073395,10.139737991266376,8.165853658536586,9.273972602739725,229,205,438,872
Yash Thakur,748,443,25,73.83333333333333,10.130925507900677,10.906077348066297,9.38961038961039,9.88888888888889,181,154,108,443
Yudhvir Singh,247,139,8,23.166666666666668,10.661870503597122,12.0,11.666666666666666,9.952941176470588,18,36,85,139
Yuvraj Singh,1078,869,36,144.83333333333334,7.443037974683544,8.336283185840708,7.309523809523809,,113,756,0,869
Z Khan,2769,2200,103,366.6666666666667,7.551818181818182,9.182866556836903,8.212624584717608,6.63157894736842,607,301,1292,2200
Zeeshan Ansari,328,203,6,33.833333333333336,9.694581280788176,12.521739130434781,9.333333333333334,,23,180,0,203
